"filename", "language", "XML", "Java Properties", "Batch", "Java", "SQL", "Markdown", "comment", "blank", "total"
"/home/mdd/文档/系统设计与开发/团队项目/demo/.mvn/wrapper/maven-wrapper.properties", "Java Properties", 0, 2, 0, 0, 0, 0, 0, 1, 3
"/home/mdd/文档/系统设计与开发/团队项目/demo/README.md", "Markdown", 0, 0, 0, 0, 0, 4, 0, 3, 7
"/home/mdd/文档/系统设计与开发/团队项目/demo/mvnw.cmd", "Batch", 0, 0, 102, 0, 0, 0, 51, 36, 189
"/home/mdd/文档/系统设计与开发/团队项目/demo/pom.xml", "XML", 50, 0, 0, 0, 0, 0, 0, 6, 56
"/home/mdd/文档/系统设计与开发/团队项目/demo/sql/all_book_table.sql", "SQL", 0, 0, 0, 0, 21, 0, 0, 0, 21
"/home/mdd/文档/系统设计与开发/团队项目/demo/sql/all_movie_table.sql", "SQL", 0, 0, 0, 0, 22, 0, 0, 0, 22
"/home/mdd/文档/系统设计与开发/团队项目/demo/sql/book_reaction_table.sql", "SQL", 0, 0, 0, 0, 15, 0, 0, 0, 15
"/home/mdd/文档/系统设计与开发/团队项目/demo/sql/booklist_table.sql", "SQL", 0, 0, 0, 0, 16, 0, 0, 0, 16
"/home/mdd/文档/系统设计与开发/团队项目/demo/sql/experience_table.sql", "SQL", 0, 0, 0, 0, 9, 0, 0, 0, 9
"/home/mdd/文档/系统设计与开发/团队项目/demo/sql/movie_reaction_table.sql", "SQL", 0, 0, 0, 0, 15, 0, 0, 0, 15
"/home/mdd/文档/系统设计与开发/团队项目/demo/sql/movielist_table.sql", "SQL", 0, 0, 0, 0, 16, 0, 0, 0, 16
"/home/mdd/文档/系统设计与开发/团队项目/demo/sql/score_comment_table.sql", "SQL", 0, 0, 0, 0, 9, 0, 0, 0, 9
"/home/mdd/文档/系统设计与开发/团队项目/demo/sql/user_table.sql", "SQL", 0, 0, 0, 0, 20, 0, 0, 0, 20
"/home/mdd/文档/系统设计与开发/团队项目/demo/src/main/java/com/example/demo/DemoApplication.java", "Java", 0, 0, 0, 9, 0, 0, 0, 5, 14
"/home/mdd/文档/系统设计与开发/团队项目/demo/src/main/java/com/example/demo/FileController.java", "Java", 0, 0, 0, 48, 0, 0, 0, 7, 55
"/home/mdd/文档/系统设计与开发/团队项目/demo/src/main/java/com/example/demo/HelloTest.java", "Java", 0, 0, 0, 11, 0, 0, 0, 3, 14
"/home/mdd/文档/系统设计与开发/团队项目/demo/src/main/java/com/example/demo/MovieController.java", "Java", 0, 0, 0, 107, 0, 0, 1, 9, 117
"/home/mdd/文档/系统设计与开发/团队项目/demo/src/main/java/com/example/demo/UserController.java", "Java", 0, 0, 0, 117, 0, 0, 0, 9, 126
"/home/mdd/文档/系统设计与开发/团队项目/demo/src/main/resources/application.properties", "Java Properties", 0, 5, 0, 0, 0, 0, 0, 1, 6
"/home/mdd/文档/系统设计与开发/团队项目/demo/src/test/java/com/example/demo/DemoApplicationTests.java", "Java", 0, 0, 0, 9, 0, 0, 0, 5, 14
"Total", "-", 50, 7, 102, 301, 143, 4, 52, 85, 744